{"stat.useItem.66":1,"stat.useItem.89":3,"achievement.openInventory":69,"stat.useItem.3":3,"achievement.exploreAllBiomes":{"value":0,"progress":["Plains"]},"stat.useItem.324":1,"stat.useItem.404":3,"stat.useItem.69":1,"stat.drop":13,"stat.flyOneCm":9606,"stat.useItem.70":3,"stat.useItem.76":12,"stat.useItem.29":1,"stat.diveOneCm":723,"stat.useItem.158":10,"stat.useItem.356":9,"stat.useItem.131":6,"stat.useItem.330":3,"stat.useItem.287":11,"stat.useItem.154":17,"stat.useItem.54":6,"stat.useItem.109":4,"stat.useItem.85":1,"stat.playOneMinute":61498,"stat.jump":102,"stat.useItem.1":141,"stat.swimOneCm":286,"stat.useItem.331":18,"stat.walkOneCm":69556,"stat.useItem.35":1,"stat.useItem.44":4,"stat.useItem.342":1}